nomeTeste;tempoExecucao;fitness;timeEscolhido;timeInimigo;
E1;3.918;152;431-351-298-580-645-521;515-493-527-877-549-651
E1;4.387;162;538-288-545-568-757-730;780-616-487-524-401-833
E1;4.485;161;493-287-768-448-441-112;629-706-469-45-219-485
E1;4.255;183;425-3-128-447-154-547;320-377-36-823-558-390
E1;4.253;168;388-177-566-435-575-160;329-666-919-57-895-851
E1;4.189;163;301-444-737-91-8-419;559-625-776-896-690-189
E1;4.08;172;503-444-579-732-183-538;706-462-858-361-905-785
E1;4.241;174;173-112-836-731-45-122;330-663-259-92-200-505
E1;4.353;179;545-707-892-529-803-182;420-64-599-448-609-463
E1;4.322;171;368-166-617-476-829-292;120-73-187-310-342-17
E1;4.243;152;456-567-754-734-500-839;259-659-7-412-320-546
E1;4.096;173;739-579-190-661-915-435;742-239-326-638-595-354
E1;4.052;141;571-824-568-283-744-13;825-723-286-558-161-910
E1;4.095;174;808-161-442-914-449-184;176-555-235-221-908-188
E1;4.299;167;570-156-440-607-294-565;824-792-621-513-507-141
E1;4.465;175;731-827-440-569-4-579;592-771-331-766-625-580
E1;4.137;163;521-325-474-435-832-730;367-449-809-818-276-905
E1;4.272;172;521-446-554-571-268-338;315-297-213-635-561-850
E1;4.134;167;915-288-4-564-904-722;580-394-770-840-722-718
E1;4.066;131;446-569-727-832-580-747;642-579-758-161-655-91
E2;9.22;180;824-559-182-160-572-579;515-493-527-877-549-651
E2;9.07;176;572-825-182-435-97-567;780-616-487-524-401-833
E2;8.731;169;832-579-8-919-551-263;629-706-469-45-219-485
E2;9.287;188;447-825-325-710-727-35;320-377-36-823-558-390
E2;9.05;178;744-435-578-906-444-183;329-666-919-57-895-851
E2;8.922;180;737-571-435-902-567-446;559-625-776-896-690-189
E2;9.323;173;824-738-267-160-325-572;706-462-858-361-905-785
E2;9.08;184;122-745-215-738-448-368;330-663-259-92-200-505
E2;8.615;179;534-549-570-741-434-704;420-64-599-448-609-463
E2;9.901;178;449-823-610-600-875-861;120-73-187-310-342-17
E2;9.472;195;446-824-440-580-909-572;259-659-7-412-320-546
E2;8.895;184;738-571-181-51-824-446;742-239-326-638-595-354
E2;9.195;158;183-580-737-9-571-182;825-723-286-558-161-910
E2;9.194;179;440-448-9-580-391-827;176-555-235-221-908-188
E2;8.807;183;443-440-444-448-747-435;824-792-621-513-507-141
E2;9.377;172;572-521-267-9-215-570;592-771-331-766-625-580
E2;9.123;187;739-738-435-431-830-182;367-449-809-818-276-905
E2;8.859;177;287-734-731-919-182-578;315-297-213-635-561-850
E2;9.437;183;282-435-182-579-430-385;580-394-770-840-722-718
E2;9.212;139;287-13-742-890-738-824;642-579-758-161-655-91
E3;14.012;177;181-743-446-566-571-435;515-493-527-877-549-651
E3;14.083;173;446-573-288-580-827-570;780-616-487-524-401-833
E3;13.694;193;773-741-182-287-385-727;629-706-469-45-219-485
E3;14.156;201;825-445-579-290-563-741;320-377-36-823-558-390
E3;14.204;180;288-579-287-575-732-355;329-666-919-57-895-851
E3;14.266;188;737-440-445-442-9-568;559-625-776-896-690-189
E3;13.798;192;431-909-570-448-182-444;706-462-858-361-905-785
E3;13.991;193;579-915-910-8-572-831;330-663-259-92-200-505
E3;13.97;182;7-610-574-736-149-570;420-64-599-448-609-463
E3;14.025;189;386-579-440-553-608-435;120-73-187-310-342-17
E3;14.149;193;743-442-440-575-568-283;259-659-7-412-320-546
E3;14.01;179;571-151-578-9-737-182;742-239-326-638-595-354
E3;14.077;162;435-830-737-440-579-832;825-723-286-558-161-910
E3;13.789;181;567-440-181-771-824-836;176-555-235-221-908-188
E3;14.325;168;909-754-738-24-181-832;824-792-621-513-507-141
E3;13.761;177;442-567-9-742-538-572;592-771-331-766-625-580
E3;14.17;173;448-182-619-567-183-737;367-449-809-818-276-905
E3;14.002;192;579-739-824-571-446-302;315-297-213-635-561-850
E3;14.122;172;286-565-771-573-830-12;580-394-770-840-722-718
E3;13.787;149;567-737-444-572-447-825;642-579-758-161-655-91
E4;18.364;189;741-442-8-182-579-435;515-493-527-877-549-651
E4;18.03;174;747-758-183-568-447-182;780-616-487-524-401-833
E4;18.214;204;287-446-738-568-741-288;629-706-469-45-219-485
E4;18.669;202;442-738-181-569-748-287;320-377-36-823-558-390
E4;18.16;196;737-579-575-825-440-567;329-666-919-57-895-851
E4;18.015;179;570-738-567-440-459-183;559-625-776-896-690-189
E4;18.616;187;910-446-571-575-181-743;706-462-858-361-905-785
E4;18.08;190;183-9-741-448-281-45;330-663-259-92-200-505
E4;17.985;183;573-268-745-787-521-431;420-64-599-448-609-463
E4;18.257;192;715-441-567-570-435-175;120-73-187-310-342-17
E4;18.213;191;440-4-742-571-741-449;259-659-7-412-320-546
E4;18.194;174;282-828-577-545-548-568;742-239-326-638-595-354
E4;18.484;149;448-444-431-738-373-727;825-723-286-558-161-910
E4;17.949;178;99-564-440-443-9-180;176-555-235-221-908-188
E4;18.108;180;572-741-435-567-565-571;824-792-621-513-507-141
E4;18.345;185;181-538-579-431-8-567;592-771-331-766-625-580
E4;17.925;180;808-909-824-444-288-579;367-449-809-818-276-905
E4;17.934;180;839-575-579-183-175-445;315-297-213-635-561-850
E4;18.376;181;288-742-579-565-287-122;580-394-770-840-722-718
E4;17.866;151;446-445-741-183-730-743;642-579-758-161-655-91
E5;23.77;185;440-568-444-567-742-448;515-493-527-877-549-651
E5;23.908;186;182-825-830-579-446-183;780-616-487-524-401-833
E5;23.808;210;909-446-445-289-825-567;629-706-469-45-219-485
E5;24.199;199;525-737-583-439-444-440;320-377-36-823-558-390
E5;24.249;190;290-444-175-825-575-440;329-666-919-57-895-851
E5;24.158;180;442-440-910-184-747-734;559-625-776-896-690-189
E5;24.069;186;444-825-267-575-521-910;706-462-858-361-905-785
E5;24.146;187;833-567-403-572-173-738;330-663-259-92-200-505
E5;23.907;182;648-855-431-579-289-395;420-64-599-448-609-463
E5;23.851;182;565-184-171-550-45-754;120-73-187-310-342-17
E5;24.242;201;567-447-572-579-737-288;259-659-7-412-320-546
E5;24.33;184;570-183-575-448-380-747;742-239-326-638-595-354
E5;23.924;163;830-738-435-447-183-442;825-723-286-558-161-910
E5;23.712;176;408-440-910-578-302-358;176-555-235-221-908-188
E5;24.11;175;737-572-575-298-573-288;824-792-621-513-507-141
E5;24.03;177;742-736-521-745-443-8;592-771-331-766-625-580
E5;24.124;185;570-9-182-435-571-579;367-449-809-818-276-905
E5;24.02;180;446-889-521-741-910-583;315-297-213-635-561-850
E5;23.882;179;910-434-571-290-824-288;580-394-770-840-722-718
E5;24.053;157;182-742-183-579-825-445;642-579-758-161-655-91
E6;28.276;186;825-442-570-740-571-579;515-493-527-877-549-651
E6;28.813;180;570-830-448-742-289-825;780-616-487-524-401-833
E6;28.47;204;287-288-446-572-181-521;629-706-469-45-219-485
E6;28.652;204;521-447-743-564-738-177;320-377-36-823-558-390
E6;28.727;192;442-565-568-570-571-182;329-666-919-57-895-851
E6;28.884;185;443-160-579-435-743-738;559-625-776-896-690-189
E6;28.083;193;435-825-738-444-910-572;706-462-858-361-905-785
E6;28.48;188;736-567-803-521-281-737;330-663-259-92-200-505
E6;28.261;182;283-527-440-560-635-564;420-64-599-448-609-463
E6;28.438;184;569-124-250-301-435-181;120-73-187-310-342-17
E6;28.296;195;8-446-737-444-571-567;259-659-7-412-320-546
E6;28.344;178;570-431-579-181-9-512;742-239-326-638-595-354
E6;28.119;168;579-448-830-568-743-572;825-723-286-558-161-910
E6;28.242;175;442-734-554-569-520-12;176-555-235-221-908-188
E6;28.342;171;446-159-742-12-570-9;824-792-621-513-507-141
E6;28.381;190;440-579-910-288-431-727;592-771-331-766-625-580
E6;28.644;186;825-442-579-435-567-538;367-449-809-818-276-905
E6;28.408;194;443-737-579-283-447-567;315-297-213-635-561-850
E6;28.536;180;579-572-548-521-445-743;580-394-770-840-722-718
E6;28.374;150;824-446-287-183-575-521;642-579-758-161-655-91
E7;34.597;184;824-419-435-431-741-572;515-493-527-877-549-651
E7;34.616;182;431-567-579-570-735-738;780-616-487-524-401-833
E7;34.493;206;181-287-579-575-738-521;629-706-469-45-219-485
E7;34.273;199;448-568-824-184-181-321;320-377-36-823-558-390
E7;34.713;190;182-579-298-742-447-567;329-666-919-57-895-851
E7;34.388;188;439-443-181-440-571-289;559-625-776-896-690-189
E7;35.825;191;571-447-183-290-182-824;706-462-858-361-905-785
E7;35.444;191;824-739-738-446-332-803;330-663-259-92-200-505
E7;35.324;184;674-560-551-76-183-181;420-64-599-448-609-463
E7;34.526;184;288-838-13-173-897-531;120-73-187-310-342-17
E7;34.522;204;446-568-567-182-288-579;259-659-7-412-320-546
E7;34.759;180;569-50-182-828-290-288;742-239-326-638-595-354
E7;34.372;172;448-830-444-568-571-182;825-723-286-558-161-910
E7;34.571;182;808-552-570-287-440-446;176-555-235-221-908-188
E7;34.514;175;543-442-175-538-568-181;824-792-621-513-507-141
E7;35.271;175;443-24-827-181-9-568;592-771-331-766-625-580
E7;34.572;179;571-832-442-579-735-824;367-449-809-818-276-905
E7;35.122;190;181-738-570-745-443-447;315-297-213-635-561-850
E7;34.66;178;572-182-830-557-385-440;580-394-770-840-722-718
E7;34.633;158;446-182-442-448-181-741;642-579-758-161-655-91
E8;39.167;181;572-742-443-825-731-447;515-493-527-877-549-651
E8;39.53;176;448-288-738-447-642-741;780-616-487-524-401-833
E8;39.335;209;742-446-521-520-445-567;629-706-469-45-219-485
E8;39.65;199;743-674-567-435-827-76;320-377-36-823-558-390
E8;40.083;186;742-578-830-442-568-445;329-666-919-57-895-851
E8;39.235;186;182-442-9-355-579-440;559-625-776-896-690-189
E8;39.036;190;909-825-572-571-182-287;706-462-858-361-905-785
E8;39.122;195;182-160-571-521-568-845;330-663-259-92-200-505
E8;40.883;184;856-578-570-288-548-409;420-64-599-448-609-463
E8;39.927;187;617-659-289-830-734-435;120-73-187-310-342-17
E8;38.983;194;824-577-827-443-447-737;259-659-7-412-320-546
E8;38.948;187;580-183-910-825-570-731;742-239-326-638-595-354
E8;38.709;163;448-737-289-435-431-568;825-723-286-558-161-910
E8;39.122;170;332-829-549-637-575-290;176-555-235-221-908-188
E8;39.369;173;730-737-181-828-577-97;824-792-621-513-507-141
E8;39.11;188;447-741-431-727-567-182;592-771-331-766-625-580
E8;38.928;178;570-738-567-446-910-521;367-449-809-818-276-905
E8;39.006;189;572-743-444-746-571-567;315-297-213-635-561-850
E8;38.853;173;571-8-863-182-446-325;580-394-770-840-722-718
E8;38.583;155;741-825-448-910-568-444;642-579-758-161-655-91
E9;44.922;186;568-824-738-571-910-573;515-493-527-877-549-651
E9;44.399;180;289-738-568-440-13-741;780-616-487-524-401-833
E9;43.937;199;565-446-182-520-181-575;629-706-469-45-219-485
E9;44.049;201;740-447-440-730-918-575;320-377-36-823-558-390
E9;43.825;182;287-768-738-824-445-565;329-666-919-57-895-851
E9;44.13;186;568-737-733-575-579-442;559-625-776-896-690-189
E9;43.924;186;577-572-738-443-444-4;706-462-858-361-905-785
E9;44.107;189;149-736-182-571-431-435;330-663-259-92-200-505
E9;43.917;180;567-531-642-573-568-751;420-64-599-448-609-463
E9;43.85;186;183-824-912-710-175-808;120-73-187-310-342-17
E9;44.973;194;570-575-572-571-184-521;259-659-7-412-320-546
E9;44.241;179;50-735-824-442-736-583;742-239-326-638-595-354
E9;43.291;161;183-431-743-579-521-440;825-723-286-558-161-910
E9;45.923;175;663-561-825-828-440-13;176-555-235-221-908-188
E9;43.915;177;566-554-435-910-183-444;824-792-621-513-507-141
E9;44.451;189;741-182-910-742-445-568;592-771-331-766-625-580
E9;43.687;186;440-446-442-572-13-435;367-449-809-818-276-905
E9;44.059;180;447-572-738-570-527-182;580-394-770-840-722-718
E9;44.534;158;825-182-447-287-738-444;642-579-758-161-655-91
E10;51.304;180;447-824-143-825-283-183;515-493-527-877-549-651
E10;48.915;204;449-439-181-742-569-325;320-377-36-823-558-390
E10;54.547;189;521-567-572-446-180-442;329-666-919-57-895-851
E10;51.555;188;444-579-440-567-9-743;559-625-776-896-690-189
E10;51.611;188;290-446-824-181-738-568;706-462-858-361-905-785
E10;51.449;185;563-817-431-572-435-287;330-663-259-92-200-505
E10;51.174;187;419-50-435-181-571-747;420-64-599-448-609-463
E10;51.417;185;153-911-440-283-566-576;120-73-187-310-342-17
E10;51.819;193;570-444-443-575-143-568;259-659-7-412-320-546
E10;51.51;181;747-288-440-830-828-215;742-239-326-638-595-354
E10;50.761;162;287-579-440-447-830-571;825-723-286-558-161-910
E10;50.976;180;288-571-579-51-570-521;176-555-235-221-908-188
E10;51.685;184;567-569-184-737-183-738;824-792-621-513-507-141
E10;51.846;187;521-570-741-737-739-568;592-771-331-766-625-580
E10;51.391;188;183-288-579-571-738-431;367-449-809-818-276-905
E10;50.861;184;182-744-568-445-547-13;315-297-213-635-561-850
E10;51.423;172;561-554-119-13-567-570;580-394-770-840-722-718
E10;51.208;153;741-444-743-448-579-570;642-579-758-161-655-91
E11;8.439;159;915-440-525-275-289-13;515-493-527-877-549-651
E11;8.302;141;243-918-863-173-554-502;780-616-487-524-401-833
E11;8.088;189;571-520-431-283-824-594;629-706-469-45-219-485
E11;8.335;193;149-734-175-4-567-288;320-377-36-823-558-390
E11;8.141;163;419-679-738-566-183-12;329-666-919-57-895-851
E11;8.284;158;302-184-736-554-808-564;559-625-776-896-690-189
E11;8.248;158;180-430-863-267-831-909;706-462-858-361-905-785
E11;8.432;175;231-456-850-448-91-748;330-663-259-92-200-505
E11;8.253;177;224-439-183-717-635-190;420-64-599-448-609-463
E11;7.954;177;582-919-519-282-561-712;120-73-187-310-342-17
E11;8.24;173;830-741-184-91-444-751;259-659-7-412-320-546
E11;8.493;171;282-915-153-160-571-577;742-239-326-638-595-354
E11;7.756;161;571-181-579-8-442-448;825-723-286-558-161-910
E11;8.252;169;251-824-435-642-598-893;176-555-235-221-908-188
E11;8.471;165;263-889-448-373-580-568;824-792-621-513-507-141
E11;8.086;153;547-435-448-883-613-829;592-771-331-766-625-580
E11;8.342;143;440-704-745-771-758-166;367-449-809-818-276-905
E11;8.487;166;570-215-731-287-734-701;315-297-213-635-561-850
E11;8.305;167;567-902-281-745-839-573;580-394-770-840-722-718
E11;8.538;133;825-727-571-572-182-478;642-579-758-161-655-91
E12;17.592;177;572-734-182-440-824-268;515-493-527-877-549-651
E12;17.406;182;825-570-521-571-288-287;780-616-487-524-401-833
E12;16.743;186;7-445-737-268-182-79;629-706-469-45-219-485
E12;18.159;204;825-290-449-439-589-742;320-377-36-823-558-390
E12;17.192;188;575-738-288-525-737-287;329-666-919-57-895-851
E12;16.986;176;435-744-440-568-571-474;559-625-776-896-690-189
E12;17.953;182;909-435-287-182-4-746;706-462-858-361-905-785
E12;17.753;186;187-909-744-419-527-160;330-663-259-92-200-505
E12;17.728;182;440-548-657-630-325-7;420-64-599-448-609-463
E12;18.232;181;729-154-248-51-745-4;120-73-187-310-342-17
E12;17.452;180;183-564-827-737-289-559;259-659-7-412-320-546
E12;17.462;188;287-580-182-568-449-298;742-239-326-638-595-354
E12;17.635;146;742-579-287-182-478-521;825-723-286-558-161-910
E12;18.143;181;737-828-294-290-747-567;176-555-235-221-908-188
E12;17.814;176;525-568-446-177-442-657;824-792-621-513-507-141
E12;18.277;189;568-521-571-572-824-183;592-771-331-766-625-580
E12;17.205;174;567-431-902-741-825-578;367-449-809-818-276-905
E12;17.898;183;443-302-446-541-579-325;315-297-213-635-561-850
E12;17.373;167;287-863-4-565-564-251;580-394-770-840-722-718
E12;17.688;146;572-567-909-8-182-568;642-579-758-161-655-91
E13;27.698;183;739-744-289-824-825-567;515-493-527-877-549-651
E13;27.462;186;738-521-567-435-827-431;780-616-487-524-401-833
E13;27.692;204;738-580-567-143-182-521;629-706-469-45-219-485
E13;27.84;199;3-547-449-743-578-577;320-377-36-823-558-390
E13;28.337;193;568-13-571-727-737-181;329-666-919-57-895-851
E13;27.622;182;910-183-568-435-745-738;559-625-776-896-690-189
E13;27.731;175;440-180-160-577-182-565;706-462-858-361-905-785
E13;27.854;185;160-385-562-286-565-524;330-663-259-92-200-505
E13;27.72;183;732-520-153-72-368-183;420-64-599-448-609-463
E13;27.825;196;738-569-579-302-283-521;120-73-187-310-342-17
E13;27.716;198;577-727-579-738-737-440;259-659-7-412-320-546
E13;27.74;186;440-182-568-579-560-567;742-239-326-638-595-354
E13;26.636;161;435-182-444-912-568-579;825-723-286-558-161-910
E13;27.851;178;443-746-525-180-789-825;176-555-235-221-908-188
E13;27.767;186;738-521-435-288-568-302;824-792-621-513-507-141
E13;27.686;180;742-447-571-825-13-281;592-771-331-766-625-580
E13;27.9;181;182-825-183-287-909-575;367-449-809-818-276-905
E13;27.998;190;737-579-431-839-741-567;315-297-213-635-561-850
E13;27.54;176;504-385-289-442-738-401;580-394-770-840-722-718
E13;26.97;145;910-568-444-287-825-906;642-579-758-161-655-91
E14;35.874;184;448-743-825-571-325-572;515-493-527-877-549-651
E14;35.331;185;568-567-435-440-570-183;780-616-487-524-401-833
E14;35.33;204;521-572-825-431-446-747;629-706-469-45-219-485
E14;35.387;207;439-575-567-442-577-825;320-377-36-823-558-390
E14;35.134;195;737-444-568-184-431-521;329-666-919-57-895-851
E14;35.426;182;440-824-748-435-568-525;559-625-776-896-690-189
E14;34.274;195;447-182-567-444-910-824;706-462-858-361-905-785
E14;35.267;194;824-287-731-579-570-175;330-663-259-92-200-505
E14;35.026;190;571-183-7-573-193-182;420-64-599-448-609-463
E14;34.91;195;435-154-442-575-287-568;120-73-187-310-342-17
E14;34.759;201;579-910-568-181-444-448;259-659-7-412-320-546
E14;35.08;188;8-449-570-182-745-568;742-239-326-638-595-354
E14;34.335;166;448-431-568-442-830-289;825-723-286-558-161-910
E14;35.348;174;607-442-288-441-743-549;176-555-235-221-908-188
E14;35;186;431-287-440-567-449-13;824-792-621-513-507-141
E14;34.495;182;520-572-448-738-13-741;592-771-331-766-625-580
E14;34.993;178;180-569-567-909-448-824;367-449-809-818-276-905
E14;35.383;191;448-737-290-825-8-447;315-297-213-635-561-850
E14;34.721;181;570-440-302-735-919-287;580-394-770-840-722-718
E14;34.649;151;521-743-741-183-909-738;642-579-758-161-655-91
E15;45.743;192;579-738-824-909-435-571;515-493-527-877-549-651
E15;44.731;187;568-738-435-444-743-825;780-616-487-524-401-833
E15;46;206;567-446-180-737-580-738;629-706-469-45-219-485
E15;45.919;201;577-797-521-576-572-825;320-377-36-823-558-390
E15;45.504;190;288-568-743-740-567-446;329-666-919-57-895-851
E15;45.138;191;440-431-183-727-568-579;559-625-776-896-690-189
E15;46.081;193;579-521-571-446-448-567;706-462-858-361-905-785
E15;45.628;191;570-744-431-567-569-441;330-663-259-92-200-505
E15;45.807;183;435-444-529-548-630-610;420-64-599-448-609-463
E15;45.317;188;829-625-288-602-287-302;120-73-187-310-342-17
E15;45.782;186;741-567-731-737-571-554;259-659-7-412-320-546
E15;45.885;187;290-567-571-183-8-577;742-239-326-638-595-354
E15;45.719;169;571-442-568-579-737-182;825-723-286-558-161-910
E15;45.402;181;776-737-570-183-444-181;176-555-235-221-908-188
E15;45.666;182;568-737-182-525-571-12;824-792-621-513-507-141
E15;45.331;188;442-431-521-444-567-743;592-771-331-766-625-580
E15;45.292;183;440-567-570-825-442-579;367-449-809-818-276-905
E15;46.333;197;568-579-737-825-181-444;315-297-213-635-561-850
E15;45.755;180;395-444-906-573-567-182;580-394-770-840-722-718
E15;44.771;158;742-824-738-182-446-444;642-579-758-161-655-91
E16;53.473;190;825-579-440-521-446-571;515-493-527-877-549-651
E16;53.624;186;443-446-182-737-825-568;780-616-487-524-401-833
E16;54.255;204;571-741-287-520-567-738;629-706-469-45-219-485
E16;54.548;205;521-910-739-734-575-567;320-377-36-823-558-390
E16;53.121;187;9-442-440-182-290-657;329-666-919-57-895-851
E16;53.367;183;9-825-568-431-738-571;559-625-776-896-690-189
E16;52.854;191;447-289-738-825-13-444;706-462-858-361-905-785
E16;53.804;189;521-290-443-573-575-833;330-663-259-92-200-505
E16;53.797;184;570-443-803-671-823-422;420-64-599-448-609-463
E16;54.218;191;181-569-579-830-445-659;120-73-187-310-342-17
E16;54.435;200;568-571-738-431-442-737;259-659-7-412-320-546
E16;54.043;184;579-572-183-733-9-745;742-239-326-638-595-354
E16;52.061;166;568-435-737-182-743-440;825-723-286-558-161-910
E16;54.064;187;180-741-747-446-289-444;176-555-235-221-908-188
E16;53.621;190;567-288-448-570-521-431;824-792-621-513-507-141
E16;53.948;192;181-444-579-568-824-288;592-771-331-766-625-580
E16;53.197;189;579-4-448-738-182-446;367-449-809-818-276-905
E16;54.055;193;571-825-738-443-742-521;315-297-213-635-561-850
E16;54.149;185;560-567-825-571-572-182;580-394-770-840-722-718
E16;52.519;152;182-286-825-732-288-444;642-579-758-161-655-91
E17;66.21;194;742-579-825-446-440-824;515-493-527-877-549-651
E17;66.24;184;521-183-570-567-447-442;780-616-487-524-401-833
E17;67.297;207;571-742-738-446-289-435;629-706-469-45-219-485
E17;69.242;205;289-443-746-181-449-727;320-377-36-823-558-390
E17;69.066;191;446-290-160-738-568-9;329-666-919-57-895-851
E17;66.706;183;435-181-282-444-440-742;559-625-776-896-690-189
E17;66.155;191;435-572-737-825-446-738;706-462-858-361-905-785
E17;66.327;190;4-289-574-738-525-13;330-663-259-92-200-505
E17;65.947;186;809-712-573-579-289-570;420-64-599-448-609-463
E17;65.527;188;829-544-827-890-332-287;120-73-187-310-342-17
E17;66.769;193;571-738-568-918-520-579;259-659-7-412-320-546
E17;66.148;191;565-825-440-183-435-568;742-239-326-638-595-354
E17;66.14;158;571-431-9-444-568-738;825-723-286-558-161-910
E17;66.545;180;830-521-440-568-531-743;176-555-235-221-908-188
E17;66.275;186;909-577-446-572-567-442;824-792-621-513-507-141
E17;66.435;186;181-444-431-565-825-739;592-771-331-766-625-580
E17;66.532;183;570-440-446-579-824-742;367-449-809-818-276-905
E17;66.647;196;567-8-579-738-289-568;315-297-213-635-561-850
E17;66.948;187;743-565-572-571-737-182;580-394-770-840-722-718
E17;65.672;162;444-448-182-287-742-825;642-579-758-161-655-91
E18;75.249;183;738-743-570-736-824-182;515-493-527-877-549-651
E18;74.667;186;446-288-743-737-568-570;780-616-487-524-401-833
E18;75.048;206;434-572-571-182-521-446;629-706-469-45-219-485
E18;75.182;203;521-741-181-441-182-549;320-377-36-823-558-390
E18;75.371;196;579-440-571-443-742-824;329-666-919-57-895-851
E18;75.85;193;289-568-183-579-742-440;559-625-776-896-690-189
E18;74.901;192;443-825-742-567-444-521;706-462-858-361-905-785
E18;75.12;198;572-254-431-579-570-571;330-663-259-92-200-505
E18;75.072;184;182-557-8-568-768-635;420-64-599-448-609-463
E18;74.522;185;545-789-563-548-431-444;120-73-187-310-342-17
E18;75.526;202;568-182-446-442-825-737;259-659-7-412-320-546
E18;75.804;185;738-440-173-430-435-447;742-239-326-638-595-354
E18;74.757;162;440-571-737-568-572-909;825-723-286-558-161-910
E18;74.964;179;744-301-444-288-568-564;176-555-235-221-908-188
E18;75.45;191;182-579-567-440-738-8;824-792-621-513-507-141
E18;75.911;191;579-741-570-572-824-289;592-771-331-766-625-580
E18;75.547;185;287-182-448-440-521-738;367-449-809-818-276-905
E18;75.267;196;567-824-448-446-431-910;315-297-213-635-561-850
E18;75.919;192;572-825-579-442-573-288;580-394-770-840-722-718
E18;74.571;160;444-579-825-288-182-448;642-579-758-161-655-91
E19;86.839;187;571-824-742-182-573-738;515-493-527-877-549-651
E19;85.828;185;738-567-743-827-435-568;780-616-487-524-401-833
E19;86.344;207;444-431-182-571-738-435;629-706-469-45-219-485
E19;86.171;206;182-570-741-9-184-568;320-377-36-823-558-390
E19;85.372;193;738-446-289-740-431-440;329-666-919-57-895-851
E19;85.813;192;183-738-579-289-440-824;559-625-776-896-690-189
E19;86.106;196;431-448-579-182-444-447;706-462-858-361-905-785
E19;86.609;186;382-741-521-13-828-736;330-663-259-92-200-505
E19;86.419;182;739-827-824-909-245-439;420-64-599-448-609-463
E19;84.472;184;914-569-35-808-639-251;120-73-187-310-342-17
E19;86.325;204;572-182-289-568-579-737;259-659-7-412-320-546
E19;85.949;189;8-743-579-567-440-449;742-239-326-638-595-354
E19;86.142;170;570-568-183-448-830-442;825-723-286-558-161-910
E19;84.396;175;297-445-571-289-707-827;176-555-235-221-908-188
E19;83.93;188;758-448-567-447-440-431;824-792-621-513-507-141
E19;83.375;187;435-332-824-447-743-182;592-771-331-766-625-580
E19;84.591;187;298-435-738-568-579-183;367-449-809-818-276-905
E19;84.036;195;579-431-742-571-440-447;315-297-213-635-561-850
E19;84.681;182;435-570-289-828-739-737;580-394-770-840-722-718
E19;83.285;160;183-825-743-287-446-444;642-579-758-161-655-91
E20;98.599;188;289-824-741-442-567-571;515-493-527-877-549-651
E20;98.807;183;443-183-567-742-570-521;780-616-487-524-401-833
E20;98.504;208;824-572-447-446-743-738;629-706-469-45-219-485
E20;99.582;205;570-745-567-739-825-576;320-377-36-823-558-390
E20;98.998;194;568-571-13-181-443-738;329-666-919-57-895-851
E20;99.015;196;571-521-579-440-183-435;559-625-776-896-690-189
E20;98.866;193;571-824-738-737-579-567;706-462-858-361-905-785
E20;98.904;196;446-570-521-743-739-824;330-663-259-92-200-505
E20;98.244;183;569-610-600-183-424-439;420-64-599-448-609-463
E20;98.126;187;555-571-281-830-435-858;120-73-187-310-342-17
E20;99.311;197;568-743-567-570-440-431;259-659-7-412-320-546
E20;99.559;189;521-741-435-825-575-440;742-239-326-638-595-354
E20;113.3;162;435-568-571-830-289-521;825-723-286-558-161-910
E20;98.866;177;575-571-525-183-779-289;176-555-235-221-908-188
E20;98.932;194;738-431-448-288-579-567;824-792-621-513-507-141
E20;98.895;193;447-824-579-568-739-521;592-771-331-766-625-580
E20;98.979;188;824-431-569-738-446-435;367-449-809-818-276-905
E20;98.854;196;444-440-739-568-446-521;315-297-213-635-561-850
E20;98.59;191;569-435-738-183-579-431;580-394-770-840-722-718
E20;96.991;159;287-444-743-288-447-182;642-579-758-161-655-91
E21;12.015;153;915-731-156-445-365-576;515-493-527-877-549-651
E21;11.74;176;565-579-442-569-571-743;780-616-487-524-401-833
E21;12.007;160;707-338-579-372-830-287;629-706-469-45-219-485
E21;11.973;187;290-910-502-619-431-560;320-377-36-823-558-390
E21;11.457;167;449-182-717-825-472-3;329-666-919-57-895-851
E21;12.46;160;571-444-681-915-193-568;559-625-776-896-690-189
E21;11.528;176;746-902-4-430-182-448;706-462-858-361-905-785
E21;12.473;180;885-72-448-288-825-867;330-663-259-92-200-505
E21;11.662;185;564-897-183-180-184-734;420-64-599-448-609-463
E21;12.223;183;737-563-569-325-359-279;120-73-187-310-342-17
E21;11.874;177;446-113-541-290-288-568;259-659-7-412-320-546
E21;12.134;167;431-147-730-250-890-182;742-239-326-638-595-354
E21;11.542;157;435-567-570-251-183-579;825-723-286-558-161-910
E21;12.467;173;521-743-741-744-539-99;176-555-235-221-908-188
E21;11.913;163;512-301-446-444-8-608;824-792-621-513-507-141
E21;12.419;163;744-164-739-566-740-442;592-771-331-766-625-580
E21;12.301;166;521-435-3-568-589-832;367-449-809-818-276-905
E21;11.732;171;733-102-572-175-444-250;315-297-213-635-561-850
E21;12.754;151;183-773-802-677-251-173;580-394-770-840-722-718
E21;11.928;126;707-863-573-737-572-447;642-579-758-161-655-91
E22;25.991;173;8-443-287-288-248-431;515-493-527-877-549-651
E22;25.972;176;444-657-431-748-521-287;780-616-487-524-401-833
E22;26.304;190;572-575-568-128-579-13;629-706-469-45-219-485
E22;25.545;205;181-439-918-742-281-290;320-377-36-823-558-390
E22;25.347;179;76-267-738-462-579-440;329-666-919-57-895-851
E22;25.461;164;449-738-732-373-910-282;559-625-776-896-690-189
E22;25.549;191;183-825-824-580-182-435;706-462-858-361-905-785
E22;25.961;180;180-181-899-737-880-831;330-663-259-92-200-505
E22;26.386;180;890-387-521-914-763-856;420-64-599-448-609-463
E22;26.935;185;143-732-474-825-748-357;120-73-187-310-342-17
E22;26.14;194;568-385-182-448-443-175;259-659-7-412-320-546
E22;25.714;184;430-181-442-435-730-727;742-239-326-638-595-354
E22;25.007;153;448-385-737-290-568-863;825-723-286-558-161-910
E22;26.171;181;447-289-444-738-554-177;176-555-235-221-908-188
E22;26.39;175;735-568-738-910-521-645;824-792-621-513-507-141
E22;25.566;167;288-824-742-661-832-808;592-771-331-766-625-580
E22;25.398;184;435-748-183-825-440-287;367-449-809-818-276-905
E22;25.789;186;571-287-8-445-288-289;315-297-213-635-561-850
E22;26.193;171;567-290-287-608-440-521;580-394-770-840-722-718
E22;25.811;130;738-220-251-733-742-444;642-579-758-161-655-91
E23;40.278;192;910-743-579-289-571-825;515-493-527-877-549-651
E23;39.205;181;521-570-832-183-825-568;780-616-487-524-401-833
E23;39.953;202;289-738-448-570-742-731;629-706-469-45-219-485
E23;39.947;202;521-674-568-547-443-741;320-377-36-823-558-390
E23;41.783;198;737-738-431-287-579-182;329-666-919-57-895-851
E23;40.251;189;568-288-181-737-571-442;559-625-776-896-690-189
E23;39.706;176;449-287-828-919-825-572;706-462-858-361-905-785
E23;39.961;197;578-741-182-183-215-570;330-663-259-92-200-505
E23;40.962;176;193-579-358-181-567-549;315-297-213-635-561-850
E23;41.988;184;571-567-160-442-325-288;580-394-770-840-722-718
E23;40.729;149;181-183-743-731-288-289;642-579-758-161-655-91
E24;50.911;189;183-435-571-572-824-910;515-493-527-877-549-651
E24;51.241;179;282-298-287-567-737-446;780-616-487-524-401-833
E24;52.535;211;445-825-521-446-567-737;629-706-469-45-219-485
E24;52.28;206;575-182-521-576-568-589;320-377-36-823-558-390
E24;52.556;183;267-727-738-737-554-13;329-666-919-57-895-851
E24;50.456;186;160-444-568-440-910-521;559-625-776-896-690-189
E24;49.772;188;444-182-184-521-440-570;706-462-858-361-905-785
E24;52.644;197;571-743-385-446-521-572;330-663-259-92-200-505
E24;52.545;190;440-9-676-183-288-738;420-64-599-448-609-463
E24;52.841;198;732-449-568-738-571-445;120-73-187-310-342-17
E24;51.628;203;579-571-825-288-448-182;259-659-7-412-320-546
E24;52.235;184;184-440-828-51-287-579;742-239-326-638-595-354
E24;48.351;163;580-830-287-579-442-448;825-723-286-558-161-910
E24;51.254;180;443-824-773-358-302-743;176-555-235-221-908-188
E24;51.273;190;435-446-160-288-567-448;824-792-621-513-507-141
E24;51.948;190;440-727-435-824-579-181;592-771-331-766-625-580
E24;52.299;186;183-738-737-567-435-440;367-449-809-818-276-905
E24;52.488;197;446-182-825-738-571-568;315-297-213-635-561-850
E24;51.866;185;435-732-13-737-567-572;580-394-770-840-722-718
E24;50.189;152;568-287-286-444-825-743;642-579-758-161-655-91
E25;67.532;191;440-824-182-571-435-431;515-493-527-877-549-651
E25;67.827;186;730-568-446-431-579-521;780-616-487-524-401-833
E25;69.962;205;825-181-741-738-182-568;629-706-469-45-219-485
E25;69.251;210;181-575-571-910-824-743;320-377-36-823-558-390
E25;69.654;199;825-579-182-444-287-440;329-666-919-57-895-851
E25;69.506;188;571-4-568-183-435-738;559-625-776-896-690-189
E25;69.5;195;448-444-571-579-447-742;706-462-858-361-905-785
E25;69.228;199;440-182-579-567-773-570;330-663-259-92-200-505
E25;69.074;184;173-738-181-289-419-7;420-64-599-448-609-463
E25;68.122;193;8-287-570-268-449-442;120-73-187-310-342-17
E25;68.138;205;182-737-288-567-579-442;259-659-7-412-320-546
E25;69.224;190;181-736-435-567-442-824;742-239-326-638-595-354
E25;66.158;168;183-440-830-182-435-521;825-723-286-558-161-910
E25;68.325;182;736-571-525-287-824-572;176-555-235-221-908-188
E25;68.281;192;568-435-570-446-182-442;824-792-621-513-507-141
E25;68.601;189;181-567-288-431-824-741;592-771-331-766-625-580
E25;69.099;188;825-435-568-521-738-448;367-449-809-818-276-905
E25;67.43;192;182-462-568-919-444-579;315-297-213-635-561-850
E25;67.677;192;737-832-738-579-572-570;580-394-770-840-722-718
E25;65.469;156;288-183-743-332-444-287;642-579-758-161-655-91
E26;81.256;185;440-579-571-7-909-824;515-493-527-877-549-651
E26;79.615;186;446-568-825-741-737-567;780-616-487-524-401-833
E26;81.752;211;521-567-302-738-824-446;629-706-469-45-219-485
E26;80.847;209;742-570-568-579-181-825;320-377-36-823-558-390
E26;81.047;198;440-431-737-738-568-825;329-666-919-57-895-851
E26;83.411;190;440-287-568-567-435-442;559-625-776-896-690-189
E26;82.562;194;521-571-182-824-570-738;706-462-858-361-905-785
E26;82.879;198;915-440-572-446-385-182;330-663-259-92-200-505
E26;79.268;185;283-827-569-527-570-754;420-64-599-448-609-463
E26;78.904;195;441-727-827-569-444-287;120-73-187-310-342-17
E26;78.082;199;568-287-182-738-567-446;259-659-7-412-320-546
E26;81.343;190;571-824-440-184-9-739;742-239-326-638-595-354
E26;77.769;170;579-568-13-440-448-182;825-723-286-558-161-910
E26;78.622;184;825-741-446-569-568-579;176-555-235-221-908-188
E26;78.613;186;567-521-435-580-568-287;824-792-621-513-507-141
E26;77.8;184;567-181-570-182-569-442;592-771-331-766-625-580
E26;78.743;187;579-431-183-738-571-568;367-449-809-818-276-905
E26;78.523;194;182-181-737-824-571-447;315-297-213-635-561-850
E26;78.389;195;579-570-183-572-567-915;580-394-770-840-722-718
E26;76.335;156;444-743-742-446-521-183;642-579-758-161-655-91
E27;96.613;189;825-302-742-741-435-824;515-493-527-877-549-651
E27;97.322;186;567-825-579-282-743-446;780-616-487-524-401-833
E27;97.209;211;738-572-521-824-446-567;629-706-469-45-219-485
E27;97.424;206;182-521-739-580-293-825;320-377-36-823-558-390
E27;97.341;195;440-160-183-13-738-568;329-666-919-57-895-851
E27;97.296;189;727-183-440-568-435-431;559-625-776-896-690-189
E27;97.087;194;290-824-182-738-571-444;706-462-858-361-905-785
E27;97.688;196;527-572-570-444-448-743;330-663-259-92-200-505
E27;97.21;189;743-564-183-565-289-600;420-64-599-448-609-463
E27;96.749;181;446-564-743-7-472-266;120-73-187-310-342-17
E27;97.687;204;182-568-446-738-567-579;259-659-7-412-320-546
E27;97.62;188;824-746-571-442-825-181;742-239-326-638-595-354
E27;96.571;171;568-571-579-440-442-182;825-723-286-558-161-910
E27;97.005;179;829-289-571-182-833-552;176-555-235-221-908-188
E27;97.49;185;183-570-435-743-572-287;824-792-621-513-507-141
E27;96.26;192;743-521-444-739-909-824;592-771-331-766-625-580
E27;95.874;185;902-825-824-909-288-579;367-449-809-818-276-905
E27;96.885;198;431-737-446-568-288-738;315-297-213-635-561-850
E27;98.453;197;738-571-570-182-572-579;580-394-770-840-722-718
E27;94.911;159;444-289-182-741-287-743;642-579-758-161-655-91
E28;110.176;189;743-287-579-824-567-8;515-493-527-877-549-651
E28;109.408;187;8-446-521-568-738-567;780-616-487-524-401-833
E28;117.142;208;572-182-289-824-446-579;629-706-469-45-219-485
E28;110.319;207;570-727-744-181-738-575;320-377-36-823-558-390
E28;110.045;196;435-289-444-568-567-579;329-666-919-57-895-851
E28;111.603;195;440-910-737-568-183-579;559-625-776-896-690-189
E28;110.317;196;742-824-444-446-571-182;706-462-858-361-905-785
E28;110.371;194;565-431-808-569-521-434;330-663-259-92-200-505
E28;109.602;187;742-4-288-439-803-551;420-64-599-448-609-463
E28;109.526;195;435-570-890-13-446-282;120-73-187-310-342-17
E28;110.943;202;448-443-737-742-571-568;259-659-7-412-320-546
E28;109.674;191;446-824-736-9-567-182;742-239-326-638-595-354
E28;111.246;165;579-182-9-568-572-571;825-723-286-558-161-910
E28;110.127;182;738-567-825-570-438-440;176-555-235-221-908-188
E28;109.4;190;431-570-525-738-182-567;824-792-621-513-507-141
E28;110.321;193;570-521-743-741-572-579;592-771-331-766-625-580
E28;108.541;185;435-832-446-288-567-824;367-449-809-818-276-905
E28;109.486;199;737-568-825-431-182-738;315-297-213-635-561-850
E28;109.744;193;824-567-442-909-579-570;580-394-770-840-722-718
E28;107.163;160;743-825-444-288-182-446;642-579-758-161-655-91
E29;126.741;188;447-825-567-743-289-572;515-493-527-877-549-651
E29;126.29;211;824-738-446-737-567-182;629-706-469-45-219-485
E29;125.427;205;568-580-740-567-176-443;320-377-36-823-558-390
E29;127.444;200;571-440-738-568-579-431;329-666-919-57-895-851
E29;124.182;189;435-442-743-825-183-568;559-625-776-896-690-189
E29;124.982;195;447-444-824-571-521-579;706-462-858-361-905-785
E29;124.61;185;799-434-742-173-183-562;330-663-259-92-200-505
E29;124.209;183;183-498-7-715-565-570;420-64-599-448-609-463
E29;124.059;184;578-904-825-215-875-176;120-73-187-310-342-17
E29;132.614;201;431-446-567-568-571-448;259-659-7-412-320-546
E29;125.419;193;567-182-9-570-825-448;742-239-326-638-595-354
E29;122.792;169;442-737-444-830-182-568;825-723-286-558-161-910
E29;126.168;183;444-283-824-744-181-13;176-555-235-221-908-188
E29;125.968;191;567-570-182-448-568-525;824-792-621-513-507-141
E29;125.655;190;447-568-824-739-181-741;592-771-331-766-625-580
E29;128.431;191;738-579-431-435-521-567;367-449-809-818-276-905
E29;124.947;199;183-568-446-738-442-579;315-297-213-635-561-850
E29;124.832;186;288-521-13-824-571-567;580-394-770-840-722-718
E29;119.583;162;182-448-444-824-909-446;642-579-758-161-655-91
E30;146.569;189;743-572-571-824-431-521;515-493-527-877-549-651
E30;151.848;211;446-445-738-182-567-568;629-706-469-45-219-485
E30;147.203;207;184-521-745-443-824-567;320-377-36-823-558-390
E30;147.04;194;444-568-580-825-737-575;329-666-919-57-895-851
E30;147.615;193;183-440-737-568-571-289;559-625-776-896-690-189
E30;145.571;197;571-448-182-825-446-738;706-462-858-361-905-785
E30;147.272;197;567-446-572-183-13-173;330-663-259-92-200-505
E30;145.939;182;570-552-7-789-579-787;420-64-599-448-609-463
E30;146.146;190;828-573-571-819-562-287;120-73-187-310-342-17
E30;148.751;202;567-572-737-568-738-440;259-659-7-412-320-546
E30;155.306;190;737-181-440-575-8-825;742-239-326-638-595-354
E30;149.802;164;182-743-521-442-571-568;825-723-286-558-161-910
E30;150.997;173;598-736-157-572-568-828;176-555-235-221-908-188
E30;151.077;187;182-565-570-571-446-738;824-792-621-513-507-141
E30;154.448;188;824-739-521-743-741-445;592-771-331-766-625-580
E30;149.759;189;909-435-183-571-440-824;367-449-809-818-276-905
E30;152.03;194;571-521-738-431-444-283;315-297-213-635-561-850
E30;147.409;190;572-288-442-183-738-287;580-394-770-840-722-718
E30;143.392;156;742-743-444-287-824-442;642-579-758-161-655-91
E31;15.904;179;440-287-571-748-742-568;515-493-527-877-549-651
E31;15.547;161;747-910-156-251-139-521;780-616-487-524-401-833
E31;16.671;190;184-915-577-738-520-734;629-706-469-45-219-485
E31;15.871;192;567-268-58-282-431-443;320-377-36-823-558-390
E31;15.673;174;180-657-181-740-281-739;329-666-919-57-895-851
E31;16.492;169;431-572-298-741-745-570;559-625-776-896-690-189
E31;15.399;137;434-8-542-281-355-832;706-462-858-361-905-785
E31;16.55;186;567-557-288-737-24-431;330-663-259-92-200-505
E31;16.291;177;325-281-294-854-565-707;420-64-599-448-609-463
E31;16.439;185;747-548-832-243-182-287;120-73-187-310-342-17
E31;15.35;186;287-871-579-448-743-444;259-659-7-412-320-546
E31;15.064;170;803-743-825-332-889-625;742-239-326-638-595-354
E31;16.16;156;743-449-910-182-9-568;825-723-286-558-161-910
E31;15.961;166;572-571-112-338-83-735;176-555-235-221-908-188
E31;16.08;165;910-722-149-571-579-747;824-792-621-513-507-141
E31;15.989;158;546-720-915-738-13-520;592-771-331-766-625-580
E31;15.798;159;754-13-440-193-435-50;367-449-809-818-276-905
E31;16.059;158;467-579-823-283-718-159;315-297-213-635-561-850
E31;15.631;165;290-8-572-567-684-490;580-394-770-840-722-718
E31;15.824;122;332-569-832-570-538-555;642-579-758-161-655-91
E32;33.393;178;911-182-446-435-743-173;515-493-527-877-549-651
E32;33.026;171;287-283-444-545-440-443;780-616-487-524-401-833
E32;34.018;173;863-435-731-128-910-745;629-706-469-45-219-485
E32;32.849;193;578-181-156-338-443-289;320-377-36-823-558-390
E32;32.999;180;565-184-8-825-431-546;329-666-919-57-895-851
E32;32.877;184;521-737-444-579-743-445;559-625-776-896-690-189
E32;32.254;181;738-332-567-13-290-182;706-462-858-361-905-785
E32;33.824;195;567-570-156-579-173-521;330-663-259-92-200-505
E32;33.723;178;441-298-240-293-172-904;420-64-599-448-609-463
E32;33.889;182;382-288-448-161-72-906;120-73-187-310-342-17
E32;32.747;191;445-567-828-449-184-742;259-659-7-412-320-546
E32;33.891;179;735-287-9-525-889-440;742-239-326-638-595-354
E32;32.651;151;9-910-742-440-738-447;825-723-286-558-161-910
E32;32.874;184;737-288-9-302-435-577;176-555-235-221-908-188
E32;34.14;171;527-183-112-571-156-445;824-792-621-513-507-141
E32;32.034;193;183-727-824-579-444-521;592-771-331-766-625-580
E32;32.99;176;909-571-832-448-441-737;367-449-809-818-276-905
E32;33.567;182;287-8-112-824-909-737;315-297-213-635-561-850
E32;33.84;187;448-579-827-565-442-183;580-394-770-840-722-718
E32;32.899;151;825-182-446-743-332-730;642-579-758-161-655-91
E33;51.737;179;579-91-435-4-743-571;515-493-527-877-549-651
E33;50.144;188;435-567-446-431-824-182;780-616-487-524-401-833
E33;49.932;209;445-287-743-431-448-824;629-706-469-45-219-485
E33;52.026;203;579-576-575-566-439-825;320-377-36-823-558-390
E33;50.073;190;567-572-156-435-440-568;329-666-919-57-895-851
E33;52.051;186;734-440-442-571-825-287;559-625-776-896-690-189
E33;51.116;182;567-289-182-571-156-737;706-462-858-361-905-785
E33;51.522;196;570-914-440-521-445-909;330-663-259-92-200-505
E33;53.081;180;836-569-855-384-559-573;420-64-599-448-609-463
E33;52.171;194;568-544-287-742-445-732;120-73-187-310-342-17
E33;51.149;186;290-839-289-571-143-182;259-659-7-412-320-546
E33;51.734;187;747-448-288-8-440-521;742-239-326-638-595-354
E33;49.647;160;183-738-332-568-737-442;825-723-286-558-161-910
E33;51.507;181;727-525-440-302-8-737;176-555-235-221-908-188
E33;51.61;192;182-571-431-568-440-567;824-792-621-513-507-141
E33;51.054;182;727-440-571-181-289-8;592-771-331-766-625-580
E33;51.041;180;565-571-183-567-738-521;367-449-809-818-276-905
E33;50.489;188;448-143-568-181-175-738;315-297-213-635-561-850
E33;52.815;186;290-573-572-182-571-183;580-394-770-840-722-718
E33;49.401;150;568-741-448-287-567-288;642-579-758-161-655-91
E34;64.458;181;824-143-8-282-743-446;515-493-527-877-549-651
E34;65.117;175;914-824-567-182-183-184;780-616-487-524-401-833
E34;65.36;200;286-180-580-567-572-302;629-706-469-45-219-485
E34;66.94;202;741-544-739-824-184-748;320-377-36-823-558-390
E34;66.127;190;738-567-580-731-568-442;329-666-919-57-895-851
E34;63.354;192;183-442-910-448-440-568;559-625-776-896-690-189
E34;65.172;190;440-910-444-742-571-572;706-462-858-361-905-785
E34;65.637;200;440-183-910-824-521-909;330-663-259-92-200-505
E34;66.621;186;570-289-731-565-657-828;420-64-599-448-609-463
E34;66.07;190;825-817-435-449-74-567;120-73-187-310-342-17
E34;65.546;201;571-567-568-737-743-440;259-659-7-412-320-546
E34;65.878;181;737-9-510-173-577-435;742-239-326-638-595-354
E34;65.337;159;8-738-571-182-440-431;825-723-286-558-161-910
